Date,Referrer,Count,Uniques
2025-11-15 06:08:02,no-referrers,0,0
2025-11-24 10:17:04,no-referrers,0,0
2025-11-25 06:09:32,no-referrers,0,0
2025-11-26 06:09:34,no-referrers,0,0
2025-11-27 06:09:33,no-referrers,0,0
2025-11-28 06:09:26,no-referrers,0,0
2025-11-29 06:08:16,no-referrers,0,0
2025-11-30 06:08:31,no-referrers,0,0
2025-12-01 06:10:05,no-referrers,0,0
2025-12-02 06:09:38,no-referrers,0,0
2025-12-03 06:09:35,no-referrers,0,0
2025-12-04 06:09:40,no-referrers,0,0
2025-12-05 06:09:41,no-referrers,0,0
